<?xml version="1.0" encoding="UTF-8"?>
<project-private xmlns="http://www.netbeans.org/ns/project-private/1">
    <editor-bookmarks xmlns="http://www.netbeans.org/ns/editor-bookmarks/2" lastBookmarkId="0"/>
    <open-files xmlns="http://www.netbeans.org/ns/projectui-open-files/2">
        <group>
            <file>file:/home/camper/NetBeansProjects/Hospital/src/hospital/Hospital.java</file>
            <file>file:/home/camper/NetBeansProjects/Hospital/src/hospital/personal.java</file>
            <file>file:/home/camper/NetBeansProjects/Hospital/src/hospital/paciente.java</file>
            <file>file:/home/camper/NetBeansProjects/Hospital/src/hospital/pabellon.java</file>
        </group>
    </open-files>
</project-private>
